 ,Area1,Mean1,StdDev1,Min1,Max1
1,51984,21260.127,2487.856,2943,24885
2,51984,21234.959,2487.302,2903,25229
3,51984,21264.121,2493.011,2866,25090
4,51984,21212.158,2486.796,2854,25280
5,51984,21186.100,2480.561,2911,25502
6,51984,21125.199,2475.017,2898,25040
7,51984,21159.102,2483.343,2918,24834
8,51984,21091.355,2467.427,2880,24953
9,51984,21124.955,2474.496,2879,24542
10,51984,21127.311,2477.559,2846,25023
11,51984,21084.770,2471.555,2847,24903
12,51984,21058.646,2464.118,2794,24713
13,51984,21131.521,2475.578,2896,25075
14,51984,21002.486,2467.514,2800,25142
15,51984,21028.703,2462.978,2869,24919
16,51984,21021.121,2461.171,2816,24456
17,51984,20975.217,2457.467,2834,24508
18,51984,20976.525,2460.732,2831,24370
19,51984,20992.438,2458.831,2844,24902
20,51984,20957.113,2452.888,2864,25125
21,51984,20927.033,2454.428,2798,24645
22,51984,20988.498,2461.098,2708,24800
23,51984,20967.715,2455.998,2865,24680
24,51984,20837.861,2439.827,2884,24491
25,51984,20889.758,2450.451,2775,24679
26,51984,20802.221,2438.606,2830,24542
27,51984,20830.857,2439.071,2857,24509
28,51984,20842.020,2443.471,2835,24800
29,51984,20830.471,2443.791,2807,24559
30,51984,20788.547,2436.459,2844,24542
31,51984,20791.643,2434.179,2793,24697
32,51984,20805.533,2440.010,2803,24646
33,51984,20697.264,2425.639,2747,24233
34,51984,20760.701,2432.433,2836,24423
35,51984,20694.404,2423.009,2857,24079
36,51984,20722.820,2429.584,2889,24389
37,51984,20689.861,2426.185,2760,24389
38,51984,20699.455,2422.027,2831,24285
39,51984,20641.447,2418.478,2800,24147
40,51984,20640.062,2419.617,2838,24817
41,51984,20538.514,2406.412,2793,24079
42,51984,20624.809,2415.211,2850,24235
43,51984,20517.896,2404.219,2773,24097
44,51984,20576.584,2413.275,2722,24355
45,51984,20451.264,2393.313,2828,24028
46,51984,20463.734,2395.784,2874,23737
47,51984,20504.459,2404.402,2732,23788
48,51984,20436.496,2392.097,2715,23839
49,51984,20455.924,2393.438,2804,24097
50,51984,20495.936,2400.170,2746,24079
51,51984,20415.664,2392.099,2706,23960
52,51984,20379.977,2387.302,2690,24148
53,51984,20394.617,2388.301,2803,24183
54,51984,20356.564,2384.317,2803,24184
55,51984,20339.064,2385.481,2789,24061
56,51984,20336.197,2381.817,2629,23772
57,51984,20319.229,2378.124,2761,23892
58,51984,20399.189,2391.324,2783,23549
59,51984,20311.438,2379.360,2768,23583
60,51984,20254.754,2370.999,2805,23600
61,51984,20209.342,2366.388,2743,23497
62,51984,20288.645,2377.663,2769,23840
63,51984,20266.404,2373.542,2743,23668
64,51984,20224.789,2367.517,2825,23685
65,51984,20197.754,2365.923,2734,23856
66,51984,20182.916,2364.556,2691,23857
67,51984,20201.844,2366.312,2769,23687
68,51984,20168.256,2361.798,2740,23479
69,51984,20128.326,2356.644,2731,23686
70,51984,20154.064,2360.586,2751,23840
71,51984,20120.521,2355.063,2795,23959
72,51984,20106.615,2353.177,2742,23377
73,51984,20067.414,2352.438,2712,23548
74,51984,20059.260,2348.426,2742,23463
75,51984,20036.609,2345.595,2773,23754
76,51984,20031.238,2344.106,2751,23548
77,51984,20022.309,2345.019,2709,23120
78,51984,19973.240,2338.090,2680,23292
79,51984,19988.910,2338.960,2716,23874
80,51984,19960.980,2337.608,2699,23497
81,51984,19972.207,2338.995,2640,23393
82,51984,19942.008,2334.079,2638,23395
83,51984,19960.764,2336.859,2731,23463
84,51984,19920.098,2332.703,2727,23428
85,51984,19883.762,2327.269,2662,23530
86,51984,19895.154,2327.269,2725,23291
87,51984,19860.039,2324.399,2635,23394
88,51984,19839.445,2323.624,2730,23445
89,51984,19843.082,2322.077,2794,22828
90,51984,19753.877,2312.316,2742,23429
91,51984,19760.467,2312.650,2707,23086
92,51984,19788.150,2316.324,2692,23515
93,51984,19754.303,2311.113,2576,23394
94,51984,19736.893,2308.437,2730,22949
95,51984,19751.664,2312.337,2707,23085
96,51984,19706.824,2307.044,2712,23308
97,51984,19728.943,2308.079,2692,22793
98,51984,19721.260,2308.534,2656,23051
99,51984,19617.744,2295.358,2648,23017
100,51984,19645.814,2298.021,2741,23325
101,51984,19615.859,2293.459,2715,23188
102,51984,19634.895,2297.591,2742,22879
103,51984,19608.965,2294.724,2687,22880
104,51984,19597.299,2292.879,2707,23084
105,51984,19580.012,2289.187,2648,23085
106,51984,19539.355,2285.569,2722,22554
107,51984,19610.033,2295.113,2669,23343
108,51984,19537.326,2284.212,2641,23206
109,51984,19564.629,2288.067,2663,22914
110,51984,19541.672,2286.830,2737,22897
111,51984,19545.113,2288.220,2641,22879
112,51984,19491.891,2280.740,2657,23086
113,51984,19435.742,2272.798,2581,22794
114,51984,19466.467,2279.018,2717,22966
115,51984,19417.969,2271.334,2665,22691
116,51984,19436.988,2271.936,2720,22897
117,51984,19422.570,2271.837,2680,22399
118,51984,19394.711,2269.473,2644,23085
119,51984,19405.762,2270.855,2619,22845
120,51984,19353.146,2264.208,2644,22811
121,51984,19342.324,2261.977,2607,22776
122,51984,19342.023,2263.322,2673,22914
123,51984,19321.797,2259.717,2633,22589
124,51984,19260.615,2251.930,2632,22897
125,51984,19306.521,2258.239,2666,22606
126,51984,19280.533,2256.486,2655,22520
127,51984,19291.926,2257.962,2616,22537
128,51984,19224.645,2249.520,2690,22606
129,51984,19274.143,2254.448,2682,23035
130,51984,19229.328,2249.050,2574,23154
131,51984,19209.053,2245.679,2594,22297
132,51984,19223.436,2247.058,2630,22486
133,51984,19166.205,2241.951,2646,22143
134,51984,19070.377,2229.664,2586,22332
135,51984,19152.301,2240.460,2620,22229
136,51984,19130.781,2236.172,2638,22760
137,51984,19135.307,2237.689,2610,22074
138,51984,19151.627,2239.122,2644,22212
139,51984,19140.088,2237.830,2621,22675
140,51984,19031.338,2225.192,2610,22469
141,51984,19054.688,2229.488,2579,22160
142,51984,19049.203,2225.582,2640,22314
143,51984,19017.199,2224.629,2597,22418
144,51984,19000.268,2222.119,2576,22177
145,51984,19056.945,2227.754,2594,22263
146,51984,18954.807,2214.401,2649,21612
147,51984,18973.947,2218.091,2524,22537
148,51984,18978.379,2218.984,2585,22143
149,51984,18922.826,2212.054,2628,22194
150,51984,18927.359,2213.362,2651,22194
151,51984,18932.865,2212.293,2609,21954
152,51984,18911.479,2210.949,2642,22315
153,51984,18870.166,2205.984,2636,22109
154,51984,18862.453,2205.289,2602,22143
155,51984,18889.736,2207.910,2594,22605
156,51984,18860.395,2206.546,2592,22092
157,51984,18819.914,2199.989,2527,22503
158,51984,18778.135,2196.149,2646,22416
159,51984,18796.863,2197.469,2519,22108
160,51984,18711.713,2187.557,2633,22176
161,51984,18734.689,2189.923,2616,21834
162,51984,18763.809,2192.447,2643,22194
163,51984,18766.908,2193.375,2543,22057
164,51984,18787.535,2195.355,2607,22349
165,51984,18765.158,2192.981,2593,22023
166,51984,18674.291,2180.871,2618,21988
167,51984,18628.270,2175.689,2630,21783
168,51984,18640.020,2175.958,2568,21971
169,51984,18670.969,2180.693,2558,21921
170,51984,18642.586,2177.840,2527,21938
171,51984,18639.783,2177.294,2524,22144
172,51984,18615.020,2173.074,2567,22212
173,51984,18638.316,2177.349,2536,21920
174,51984,18568.889,2168.845,2560,22247
175,51984,18620.381,2173.716,2553,21817
176,51984,18539.486,2165.757,2536,22109
177,51984,18578.514,2168.672,2537,21971
178,51984,18562.293,2167.748,2544,21937
179,51984,18486.441,2158.929,2518,21629
180,51984,18487.199,2157.221,2594,21577
181,51984,18484.670,2158.436,2527,21851
182,51984,18480.492,2159.600,2541,21886
183,51984,18499.713,2160.303,2569,21287
184,51984,18445.996,2153.899,2581,21749
185,51984,18414.305,2151.047,2544,21199
186,51984,18389.709,2148.091,2580,21473
187,51984,18430.496,2152.785,2562,21543
188,51984,18380.174,2145.718,2578,21389
189,51984,18340.248,2143.525,2561,21732
190,51984,18340.982,2140.896,2574,21731
191,51984,18357.330,2143.318,2567,21199
192,51984,18385.533,2147.173,2570,21749
193,51984,18305.215,2138.692,2587,21799
194,51984,18277.074,2132.930,2439,21372
195,51984,18285.641,2134.750,2560,21269
196,51984,18248.711,2131.096,2549,21320
197,51984,18299.750,2136.689,2565,21474
198,51984,18263.047,2131.583,2546,21645
199,51984,18277.209,2134.208,2579,21560
200,51984,18179.441,2123.138,2565,21269
201,51984,18183.926,2122.685,2508,21664
202,51984,18192.879,2120.962,2537,21508
203,51984,18149.086,2117.748,2567,21474
204,51984,21341.223,2779.869,2799,25109
205,51984,26755.293,3384.507,3423,31691
206,51984,27446.479,3242.159,3668,32566
207,51984,27688.406,3198.471,3798,32050
208,51984,27472.658,3138.859,3709,32445
209,51984,27414.621,3100.944,3695,32068
210,51984,22562.988,2634.687,3091,27800
211,51984,2285.541,868.439,811,11020
212,51984,4546.362,2105.964,1345,10175
213,51984,3292.063,2353.104,1116,10252
214,51984,2741.732,2204.596,733,9452
215,51984,3023.575,2122.355,786,8646
216,51984,1376.002,734.452,476,3740
217,51984,1304.483,913.582,488,3690
218,51984,1253.661,1044.857,455,3978
219,51984,1222.492,1109.506,433,4223
220,51984,1218.868,1170.503,408,4357
221,51984,1232.760,1235.102,405,4605
222,51984,1244.217,1281.538,399,4784
223,51984,1264.915,1328.669,393,4945
224,51984,1283.623,1364.306,408,5181
225,51984,1293.867,1383.790,406,5274
226,51984,1301.296,1394.827,406,5293
227,51984,1307.549,1405.516,405,5374
228,51984,1312.549,1415.694,410,5463
229,51984,1314.492,1422.022,408,5424
230,51984,1320.681,1434.887,394,5440
231,51984,1321.787,1437.077,407,5505
232,51984,1330.544,1449.208,362,5513
233,51984,1341.802,1462.339,387,5555
234,51984,1355.030,1478.274,390,5610
235,51984,1367.485,1494.410,401,5660
236,51984,1373.844,1510.654,401,5670
237,51984,1368.517,1514.214,396,5712
238,51984,1375.354,1532.094,404,5834
239,51984,1438.538,1554.172,403,5814
240,51984,1872.680,1760.670,413,6083
241,51984,2592.842,2116.751,424,7148
242,51984,841.893,443.975,417,2379
243,51984,1102.380,880.087,418,3543
244,51984,1114.674,983.147,424,3783
245,51984,1127.179,1045.446,402,3968
246,51984,1153.185,1114.420,410,4266
247,51984,1172.100,1166.763,403,4483
248,51984,1192.000,1216.426,399,4713
249,51984,1203.811,1250.950,402,4772
250,51984,1208.517,1271.013,387,4888
251,51984,1210.729,1285.339,392,4961
252,51984,1206.592,1286.313,394,5003
253,51984,1204.568,1280.786,404,5041
254,51984,1218.916,1284.344,403,5028
255,51984,1245.851,1291.273,400,5036
256,51984,1286.008,1309.641,395,5078
257,51984,1330.076,1336.240,400,5056
258,51984,1374.450,1382.913,387,5171
259,51984,1392.267,1414.144,396,5357
260,51984,1390.283,1432.683,399,5344
261,51984,1373.557,1436.574,388,5398
262,51984,1345.306,1424.524,410,5509
263,51984,1311.949,1402.056,390,5369
264,51984,1274.657,1369.978,383,5364
265,51984,1238.597,1331.463,385,5335
266,51984,1201.612,1287.872,405,5171
267,51984,1169.336,1246.936,402,5079
268,51984,1141.284,1208.781,392,4866
269,51984,1116.022,1173.066,405,4777
270,51984,1093.669,1139.493,403,4678
271,51984,1073.010,1108.312,401,4595
272,51984,1054.986,1079.681,378,4460
273,51984,1039.451,1054.632,393,4382
274,51984,1026.003,1033.594,398,4313
275,51984,1014.962,1014.810,391,4244
276,51984,1003.625,995.728,392,4194
277,51984,995.502,982.113,396,4179
278,51984,988.448,970.162,388,4174
279,51984,983.021,960.953,388,4044
280,51984,977.132,951.211,389,3981
281,51984,973.907,945.783,392,4040
282,51984,970.525,939.520,390,4029
283,51984,965.896,932.005,390,3996
284,51984,963.492,927.828,394,3896
285,51984,960.912,923.373,387,3871
286,51984,956.742,916.697,395,3863
287,51984,957.081,916.735,396,3863
288,51984,952.047,909.509,392,3849
289,51984,938.809,891.136,386,3893
290,51984,915.173,854.083,395,3732
291,51984,907.843,832.965,395,3636
292,51984,907.064,827.917,394,3648
293,51984,903.690,821.641,392,3594
294,51984,905.083,822.950,384,3521
295,51984,909.483,828.285,387,3490
296,51984,918.465,841.897,389,3548
297,51984,929.777,860.774,401,3631
298,51984,940.436,879.185,396,3662
299,51984,946.023,891.079,394,3749
300,51984,947.988,897.221,397,3818
301,51984,943.077,892.515,373,3801
302,51984,935.016,881.922,394,3780
303,51984,917.375,855.108,392,3738
304,51984,894.700,819.380,402,3631
305,51984,869.212,778.039,390,3520
306,51984,840.142,728.706,386,3449
307,51984,814.978,683.941,394,3206
308,51984,788.579,636.047,392,3017
309,51984,769.778,598.768,386,2861
310,51984,765.045,580.726,395,2744
311,51984,779.108,595.943,384,2692
312,51984,797.843,623.881,387,2696
313,51984,819.980,660.574,389,2858
314,51984,837.054,691.194,392,2978
315,51984,845.995,710.820,379,3059
316,51984,847.744,718.778,385,3185
317,51984,843.444,715.677,388,3193
318,51984,835.313,705.508,382,3139
319,51984,824.666,689.045,387,3101
320,51984,813.614,670.773,390,3025
321,51984,803.583,652.506,390,3024
322,51984,796.093,637.851,387,2888
323,51984,788.486,623.466,388,2886
324,51984,781.608,610.746,394,2799
325,51984,775.264,599.385,383,2766
326,51984,766.997,585.200,392,2750
327,51984,765.038,577.932,394,2674
328,51984,766.761,579.188,388,2687
329,51984,767.735,581.694,401,2681
330,51984,762.421,573.591,391,2621
331,51984,758.489,566.663,361,2641
332,51984,755.826,561.795,392,2655
333,51984,756.280,561.879,377,2603
334,51984,755.595,560.381,384,2598
335,51984,754.106,558.247,395,2553
336,51984,751.784,555.533,399,2602
337,51984,750.864,551.774,382,2557
338,51984,762.138,567.238,370,2611
339,51984,777.788,592.718,390,2644
340,51984,793.964,620.879,388,2750
341,51984,804.751,640.472,388,2844
342,51984,815.172,661.021,389,2911
343,51984,817.276,668.642,389,2914
344,51984,810.021,660.032,374,2978
345,51984,797.513,642.768,381,2948
346,51984,782.158,617.325,391,2865
347,51984,775.557,603.592,393,2826
348,51984,774.299,599.560,372,2759
349,51984,773.300,596.482,386,2735
350,51984,771.278,592.201,387,2679
351,51984,767.338,584.851,391,2655
352,51984,772.161,589.456,384,2681
353,51984,784.603,609.084,398,2728
354,51984,797.100,630.938,378,2793
355,51984,807.731,651.318,391,2846
356,51984,815.667,665.903,392,2928
357,51984,819.809,675.820,391,3003
358,51984,816.150,673.176,392,3028
359,51984,808.178,662.429,381,3008
360,51984,796.988,645.338,388,2974
361,51984,782.950,622.779,372,2942
362,51984,768.389,598.155,379,2832
363,51984,754.644,573.865,392,2750
364,51984,740.592,547.590,384,2638
365,51984,731.710,529.657,383,2549
366,51984,724.053,513.782,383,2472
367,51984,719.918,504.615,383,2482
368,51984,709.306,488.582,386,2358
369,51984,689.642,457.461,378,2345
370,51984,665.053,416.009,388,2251
371,51984,636.081,367.007,388,2086
372,51984,605.251,314.819,382,1898
373,51984,572.425,259.918,384,1741
374,51984,540.236,203.328,390,1476
375,51984,512.255,152.466,389,1239
376,51984,490.453,109.270,373,1070
377,51984,476.141,75.644,393,879
378,51984,483.790,64.207,383,771
379,51984,493.095,77.496,385,732
380,51984,508.401,108.289,379,875
381,51984,545.148,175.267,384,1116
382,51984,598.767,268.824,371,1462
383,51984,658.648,371.728,385,1839
384,51984,719.186,476.432,387,2168
385,51984,774.150,573.372,380,2491
386,51984,815.617,651.206,393,2760
387,51984,837.660,698.665,392,3001
388,51984,845.221,721.717,374,3126
389,51984,845.110,728.985,384,3199
390,51984,847.728,735.053,386,3281
391,51984,856.372,750.467,387,3248
392,51984,862.475,762.008,390,3303
393,51984,868.007,771.808,396,3339
394,51984,870.745,777.601,396,3342
395,51984,866.954,773.518,391,3394
396,51984,858.670,760.978,389,3385
397,51984,847.678,744.040,386,3340
398,51984,835.473,725.406,386,3329
399,51984,822.919,702.965,363,3253
400,51984,819.994,693.354,379,3155
401,51984,826.181,700.878,381,3092
402,51984,830.504,707.108,388,3117
403,51984,832.797,710.973,389,3144
404,51984,829.877,706.837,379,3113
405,51984,827.209,702.133,386,3127
406,51984,823.332,697.106,390,3187
407,51984,818.527,690.549,391,3153
408,51984,811.673,680.384,396,3134
409,51984,805.030,668.691,391,3014
410,51984,798.996,657.126,379,3011
411,51984,793.709,646.698,386,2936
412,51984,790.946,640.699,381,2935
413,51984,787.422,633.857,385,2911
414,51984,783.478,626.924,392,2929
415,51984,781.588,623.043,397,2856
416,51984,779.212,618.655,379,2881
417,51984,778.160,616.144,389,2842
418,51984,776.302,613.261,396,2858
419,51984,777.005,613.507,392,2836
420,51984,779.463,616.871,391,2788
421,51984,780.383,618.222,391,2818
422,51984,780.294,618.436,385,2825
423,51984,781.213,619.983,377,2855
424,51984,781.837,621.598,392,2833
425,51984,782.309,622.854,381,2838
426,51984,782.819,624.233,382,2838
427,51984,781.967,623.035,395,2866
428,51984,779.018,618.637,387,2885
429,51984,776.764,613.787,384,2836
430,51984,780.589,619.156,389,2829
431,51984,788.986,631.975,391,2823
432,51984,798.789,648.865,384,2902
433,51984,806.735,662.844,381,2922
434,51984,811.487,672.833,395,2993
435,51984,812.319,675.883,384,3041
436,51984,808.294,670.698,388,3018
437,51984,803.802,664.970,391,3048
438,51984,798.387,657.193,388,3118
439,51984,790.184,643.881,390,2959
440,51984,782.030,629.410,384,2921
441,51984,776.234,618.497,378,2913
442,51984,772.415,610.308,381,2858
443,51984,768.167,600.935,395,2868
444,51984,766.756,597.736,370,2789
445,51984,764.655,593.932,391,2762
446,51984,760.803,586.971,382,2736
447,51984,757.888,581.769,381,2704
448,51984,757.546,579.706,395,2700
449,51984,766.442,591.897,395,2713
450,51984,783.753,619.377,394,2770
451,51984,802.865,652.406,390,2838
452,51984,820.644,684.134,383,2943
453,51984,834.172,708.818,384,3072
454,51984,843.450,728.546,388,3159
455,51984,843.255,732.948,388,3240
456,51984,840.068,730.663,384,3270
457,51984,830.673,718.190,394,3243
458,51984,819.415,700.756,387,3216
459,51984,805.747,678.092,380,3126
460,51984,792.787,654.718,387,3045
461,51984,782.720,634.701,395,2957
462,51984,776.180,619.589,384,2851
463,51984,773.583,612.504,387,2826
464,51984,767.830,602.595,362,2809
465,51984,763.179,593.462,385,2752
466,51984,757.888,583.108,383,2712
467,51984,752.470,574.290,385,2720
468,51984,746.570,563.969,387,2697
469,51984,742.195,555.677,391,2644
470,51984,738.940,549.009,385,2612
471,51984,740.991,550.202,380,2571
472,51984,748.273,560.278,388,2599
473,51984,759.874,579.136,389,2619
474,51984,768.718,594.375,379,2729
475,51984,779.760,614.442,386,2738
476,51984,786.695,627.941,374,2878
477,51984,790.627,637.035,388,2887
478,51984,793.922,644.135,376,2903
479,51984,794.723,647.915,394,2918
480,51984,795.582,650.477,375,2970
481,51984,794.999,650.280,386,2961
482,51984,793.871,648.470,384,2948
483,51984,794.098,648.554,389,2922
484,51984,793.862,647.841,378,2924
485,51984,795.257,649.569,388,2916
486,51984,795.574,650.105,389,2937
487,51984,797.529,653.462,388,2931
488,51984,797.269,654.096,387,2921
489,51984,797.981,655.205,394,3046
490,51984,795.707,652.168,390,2955
491,51984,792.491,647.335,391,2944
492,51984,787.812,639.888,387,2927
493,51984,781.158,628.795,381,2908
494,51984,773.934,617.065,383,2828
495,51984,762.144,597.028,380,2820
496,51984,748.372,573.768,380,2736
497,51984,733.038,547.391,372,2749
498,51984,714.455,515.286,386,2550
499,51984,694.686,480.474,383,2484
500,51984,677.634,448.089,377,2334
501,51984,661.253,418.232,391,2174
502,51984,639.955,381.402,383,2068
503,51984,614.117,336.092,388,1941
504,51984,588.443,289.033,386,1762
505,51984,564.621,245.132,365,1596
506,51984,540.621,202.288,387,1414
507,51984,532.419,168.595,381,1278
508,51984,528.086,152.658,390,1160
509,51984,529.137,153.935,379,1065
510,51984,551.665,193.094,371,1150
511,51984,589.952,260.829,392,1412
512,51984,634.481,338.718,394,1687
513,51984,680.347,419.135,374,1986
514,51984,719.065,488.116,378,2224
515,51984,749.247,545.254,389,2430
516,51984,771.387,589.553,379,2653
517,51984,787.827,625.716,386,2781
518,51984,796.642,647.432,393,2866
519,51984,799.192,656.229,382,2938
520,51984,799.513,658.880,396,2975
521,51984,801.285,662.772,383,2966
522,51984,799.239,659.966,395,3018
523,51984,797.679,657.603,393,2951
524,51984,796.494,653.462,392,2953
525,51984,809.758,672.460,386,2989
526,51984,822.942,695.835,388,3046
527,51984,837.056,721.108,393,3157
528,51984,843.010,733.403,387,3197
529,51984,842.096,734.301,386,3224
530,51984,838.824,731.430,396,3265
531,51984,831.459,720.728,379,3232
532,51984,821.942,706.963,387,3219
533,51984,809.520,687.431,387,3229
534,51984,795.042,662.599,385,3117
535,51984,781.642,637.452,389,2940
536,51984,769.779,613.916,383,2857
537,51984,764.807,601.006,361,2778
538,51984,770.894,607.696,391,2815
539,51984,773.924,612.153,386,2768
540,51984,771.487,608.534,384,2785
541,51984,774.090,612.172,367,2841
542,51984,775.599,614.278,386,2772
543,51984,777.129,618.075,390,2831
544,51984,778.296,621.510,391,2859
545,51984,777.745,620.306,391,2908
546,51984,776.034,617.737,387,2807
547,51984,774.188,614.628,391,2831
548,51984,772.951,612.828,387,2859
549,51984,773.965,614.031,381,2805
550,51984,770.550,608.654,390,2786
551,51984,769.807,607.163,390,2790
552,51984,770.944,606.271,376,2758
553,51984,784.600,627.491,389,2816
554,51984,797.782,650.165,381,2923
555,51984,806.939,668.333,388,2954
556,51984,808.498,672.714,389,3010
557,51984,810.400,677.706,375,3026
558,51984,810.976,679.960,373,3052
559,51984,808.467,677.719,369,3085
560,51984,804.016,671.559,388,3043
561,51984,804.535,670.205,366,3127
562,51984,815.180,686.425,390,3056
563,51984,820.052,695.511,379,3032
564,51984,819.797,696.146,393,3092
565,51984,818.899,695.251,371,3192
566,51984,816.197,690.617,379,3152
567,51984,814.987,689.293,376,3113
568,51984,809.691,682.423,392,3060
569,51984,805.226,674.410,386,3091
570,51984,808.696,677.067,385,3037
571,51984,817.764,692.336,382,3068
572,51984,819.079,694.978,386,3033
573,51984,816.499,691.404,374,3093
574,51984,815.888,690.451,388,3074
575,51984,814.699,688.521,377,3108
576,51984,811.677,684.724,389,3197
577,51984,808.156,679.623,391,3044
578,51984,803.402,671.686,387,3038
579,51984,798.069,662.905,391,3004
580,51984,787.857,645.347,374,2981
581,51984,777.963,627.193,382,2924
582,51984,773.246,617.274,388,2903
583,51984,767.016,606.350,385,2845
584,51984,759.314,593.118,395,2784
585,51984,754.428,583.170,381,2725
586,51984,749.688,574.087,378,2732
587,51984,744.383,564.451,380,2667
588,51984,737.408,551.820,384,2645
589,51984,729.539,537.762,384,2581
590,51984,723.375,526.148,393,2559
591,51984,715.792,513.199,387,2472
592,51984,706.099,496.324,382,2420
593,51984,695.052,476.783,388,2380
594,51984,685.367,458.872,379,2315
595,51984,673.945,438.451,386,2262
596,51984,659.750,414.400,382,2161
597,51984,639.191,379.516,376,2055
598,51984,615.606,339.315,377,1950
599,51984,592.959,297.894,390,1821
600,51984,588.292,278.630,383,1644
601,51984,594.727,284.825,377,1587
602,51984,603.407,297.711,388,1566
603,51984,618.068,320.072,383,1645
604,51984,637.441,352.196,385,1714
605,51984,663.882,397.042,379,1912
606,51984,699.962,432.690,383,2083
607,51984,3136.020,2012.195,447,6389
608,51984,7303.818,4983.205,522,14405
609,51984,10924.436,7049.009,594,20155
610,51984,13840.602,8417.127,665,24145
611,51984,15610.072,9099.201,738,26466
612,51984,16648.930,9454.477,786,28021
613,51984,17224.820,9628.903,839,28901
614,51984,18133.113,9327.098,876,29398
615,51984,17673.115,8620.222,949,29995
616,51984,13469.698,3517.069,1442,19109
617,51984,23585.631,4763.651,2538,30885
618,51984,23335.311,5037.063,2501,31315
619,51984,23017.625,5294.377,2423,31434
620,51984,22690.707,5517.608,2297,31897
621,51984,22488.672,5705.167,2203,31177
622,51984,22349.463,5855.691,2172,31485
623,51984,22260.918,5959.489,2067,31485
624,51984,22195.945,6029.206,2012,31622
625,51984,22155.578,6075.070,1977,31091
626,51984,22085.623,6096.696,1988,31657
627,51984,22010.801,6105.187,1800,31279
628,51984,22054.822,6138.488,1925,30970
629,51984,22078.072,6157.245,1799,31263
630,51984,22075.756,6167.614,1881,31175
631,51984,22065.061,6169.566,1824,31005
632,51984,22065.848,6177.203,1849,31520
633,51984,22066.490,6179.147,1830,30938
634,51984,22096.375,6194.638,1868,31004
635,51984,22059.135,6198.193,1928,31125
636,51984,21930.176,6428.779,1837,30920
637,51984,21862.992,7003.705,1813,31554
638,51984,21893.965,7503.242,1703,31485
639,51984,22015.098,7836.652,1641,31434
640,51984,22028.246,7984.333,1607,31930
641,51984,22044.809,8062.669,1577,31570
642,51984,22058.385,8103.125,1558,31793
643,51984,22066.674,8121.015,1524,32067
644,51984,22006.947,8111.028,1547,32154
645,51984,22069.004,8142.353,1502,31658
646,51984,22059.820,8146.155,1514,32033
647,51984,22066.678,8151.755,1499,32564
648,51984,22124.340,8181.366,1558,31622
649,51984,22101.650,8171.240,1510,32497
650,51984,21993.096,8133.141,1479,32737
651,51984,22006.420,8135.031,1475,31999
652,51984,22020.471,8144.835,1478,32068
653,51984,22009.834,8139.902,1491,31433
654,51984,21997.602,8135.578,1535,32188
655,51984,22030.709,8139.750,1494,31690
656,51984,22020.059,8128.008,1514,32153
657,51984,22039.879,8131.604,1479,31759
658,51984,22019.387,8119.871,1507,32085
659,51984,22030.932,8117.875,1428,31862
660,51984,21986.416,8096.720,1524,31811
661,51984,22047.287,8111.968,1509,31760
662,51984,22056.432,8108.280,1494,31896
663,51984,22051.080,8103.473,1494,31982
664,51984,22055.312,8098.557,1501,32359
665,51984,22081.266,8093.749,1524,31896
666,51984,22023.641,8061.068,1516,31794
667,51984,21947.000,8018.795,1505,31844
668,51984,21998.416,8032.142,1497,32017
669,51984,21986.098,8023.139,1518,31794
670,51984,22016.699,8038.148,1537,31983
671,51984,22018.066,8038.509,1515,31897
672,51984,21993.314,8035.514,1539,32170
673,51984,22041.461,8055.440,1536,31794
674,51984,22014.709,8048.337,1465,32342
675,51984,22009.629,8051.368,1534,31759
676,51984,22041.688,8062.621,1531,31862
677,51984,21950.072,8025.833,1533,31724
678,51984,22016.859,8052.925,1491,32309
679,51984,21987.391,8040.353,1510,31777
680,51984,22041.121,8058.738,1520,32274
681,51984,22042.771,8057.294,1545,31845
682,51984,21980.396,8028.646,1539,31692
683,51984,22014.781,8036.431,1550,31999
684,51984,22000.779,8023.130,1505,31656
685,51984,22051.002,8039.000,1531,32084
686,51984,21993.975,8020.607,1539,31897
687,51984,21964.641,8005.511,1498,31931
688,51984,21996.369,8018.242,1526,32101
689,51984,22024.734,8024.046,1567,31828
690,51984,21983.555,8008.638,1546,32171
691,51984,22019.668,8018.291,1552,31707
692,51984,21996.986,8010.163,1436,31725
693,51984,22013.182,8014.367,1532,32051
694,51984,22048.328,8024.454,1521,31605
695,51984,22017.383,8014.222,1516,31913
696,51984,22017.154,8017.226,1541,32033
697,51984,22004.828,8013.165,1557,32189
698,51984,21995.611,8017.608,1539,31674
699,51984,21982.926,8013.859,1513,32102
700,51984,22000.002,8035.873,1545,32119
701,51984,22023.215,8050.003,1455,31879
702,51984,21984.721,8054.773,1540,32119
703,51984,22046.010,8086.425,1538,32085
704,51984,21957.818,8064.332,1527,32034
705,51984,21975.211,8076.353,1508,32308
706,51984,21998.820,8094.872,1535,31982
707,51984,21980.598,8091.108,1500,31981
708,51984,22001.570,8104.655,1502,32188
709,51984,21955.855,8088.674,1569,32153
710,51984,21947.725,8083.898,1503,32015
711,51984,21973.020,8094.698,1532,31982
712,51984,22037.023,8119.142,1526,32445
713,51984,22070.406,8131.954,1543,32359
714,51984,22044.561,8126.720,1538,32086
715,51984,22053.525,8134.417,1530,32429
716,51984,21986.268,8108.879,1524,32136
717,51984,22016.295,8124.276,1525,31914
718,51984,21972.689,8118.754,1564,32565
719,51984,21977.209,8120.649,1530,31708
720,51984,22087.564,8166.568,1568,32205
721,51984,21985.068,8134.464,1475,32221
722,51984,22020.264,8154.834,1492,32050
723,51984,22042.930,8167.238,1562,32377
724,51984,21928.176,8130.997,1538,32154
725,51984,22057.393,8185.474,1499,32035
726,51984,21985.717,8164.274,1519,31913
727,51984,21968.682,8163.058,1503,32617
728,51984,21991.453,8180.642,1456,32035
729,51984,21981.682,8184.108,1513,32239
730,51984,22010.748,8201.928,1506,32102
731,51984,22030.236,8219.985,1453,32513
732,51984,21994.531,8215.826,1521,31879
733,51984,21999.904,8232.462,1538,32274
734,51984,22018.076,8248.901,1494,32205
735,51984,22018.217,8255.990,1527,32702
736,51984,22028.102,8274.042,1465,32290
737,51984,22051.219,8293.111,1457,32395
738,51984,22006.414,8285.885,1483,32188
739,51984,22027.641,8301.716,1464,32154
740,51984,22040.863,8314.916,1509,32103
741,51984,22012.289,8310.457,1503,32377
742,51984,22015.799,8324.164,1494,32222
743,51984,22020.449,8337.020,1504,32017
744,51984,22024.535,8347.731,1512,32393
745,51984,21964.668,8335.533,1451,31845
746,51984,22048.697,8376.582,1512,32206
747,51984,21991.174,8364.713,1457,32137
748,51984,22005.652,8376.035,1494,32256
749,51984,22001.756,8379.694,1484,32479
750,51984,22034.846,8394.772,1442,32290
751,51984,22054.035,8396.948,1410,32343
752,51984,22098.477,8398.691,1483,32171
753,51984,22042.404,8359.904,1470,32290
754,51984,22079.809,8361.146,1476,32239
755,51984,22137.898,8376.116,1456,32428
756,51984,22146.402,8374.246,1464,32067
757,51984,22139.193,8371.260,1500,32376
758,51984,22221.941,8409.206,1498,32531
759,51984,22182.582,8395.014,1527,32222
760,51984,22145.576,8387.315,1465,32616
761,51984,22177.070,8404.329,1514,32564
762,51984,22110.189,8384.716,1502,31931
763,51984,22150.383,8403.444,1489,32256
764,51984,22141.191,8403.989,1454,32033
765,51984,22147.082,8413.011,1536,32274
766,51984,22177.730,8431.601,1470,32565
767,51984,22151.484,8426.888,1516,32565
768,51984,22168.621,8437.082,1491,32410
769,51984,22159.707,8437.053,1491,32085
770,51984,22165.074,8446.843,1501,32000
771,51984,22167.834,8446.778,1483,32255
772,51984,22191.088,8463.843,1498,32051
773,51984,22178.439,8460.021,1499,32050
774,51984,22150.527,8454.650,1485,32291
775,51984,22132.859,8450.055,1497,32582
776,51984,22114.648,8446.541,1515,32719
777,51984,22201.279,8484.986,1408,32634
778,51984,22165.525,8476.059,1483,32204
779,51984,22154.240,8475.953,1482,32360
780,51984,22205.562,8496.005,1455,32307
781,51984,22189.664,8494.569,1501,32480
782,51984,22182.482,8497.379,1466,32291
783,51984,22202.469,8504.684,1448,32205
784,51984,22165.744,8492.907,1479,32515
785,51984,22167.844,8497.857,1504,32462
786,51984,22179.656,8501.513,1488,32325
787,51984,22161.588,8502.768,1470,32411
788,51984,22152.924,8495.665,1453,32291
789,51984,22188.650,8514.887,1491,32222
790,51984,22145.299,8498.312,1534,32377
791,51984,22099.582,8483.246,1495,31912
792,51984,22083.473,8480.044,1483,32462
793,51984,22201.641,8530.703,1468,32103
794,51984,22110.043,8496.906,1453,31965
795,51984,22193.982,8530.886,1509,32410
796,51984,22143.984,8511.337,1473,32256
797,51984,22195.609,8536.378,1505,32084
798,51984,22183.666,8534.844,1481,32445
799,51984,22142.148,8517.840,1474,32205
800,51984,22164.949,8525.518,1452,32257
801,51984,22169.889,8535.612,1512,32444
802,51984,22139.980,8526.610,1492,32599
803,51984,22220.146,8559.487,1479,32548
804,51984,22205.619,8553.477,1474,32393
805,51984,22177.059,8543.111,1466,32342
806,51984,22118.543,8522.485,1466,32376
807,51984,22188.664,8551.287,1446,32239
808,51984,22126.424,8526.812,1495,32188
809,51984,22203.562,8563.216,1438,32120
810,51984,22189.250,8554.903,1503,32890
811,51984,22167.775,8550.990,1474,32496
812,51984,22197.381,8562.468,1428,32496
813,51984,22174.033,8556.132,1457,32274
814,51984,22141.367,8545.525,1468,32325
815,51984,22131.387,8541.957,1479,32154
816,51984,22162.473,8555.649,1479,32016
817,51984,22128.912,8543.935,1440,32239
818,51984,22145.301,8552.624,1478,32428
819,51984,22152.809,8553.611,1459,32617
820,51984,22156.307,8556.340,1464,32118
821,51984,22226.250,8589.432,1456,32788
822,51984,22182.275,8569.763,1487,32531
823,51984,22127.393,8551.491,1505,32685
824,51984,22171.047,8567.459,1446,32205
825,51984,22155.676,8564.575,1463,32274
826,51984,22148.986,8562.016,1441,32480
827,51984,22153.516,8565.458,1487,32822
828,51984,22242.463,8600.708,1461,32153
829,51984,22173.561,8576.747,1456,32342
830,51984,22209.904,8590.513,1492,31931
831,51984,22137.080,8562.447,1438,32291
832,51984,22177.680,8579.452,1454,32085
833,51984,22157.994,8573.738,1453,32855
834,51984,22215.902,8595.739,1403,32599
835,51984,22208.506,8594.391,1469,32084
836,51984,22232.316,8604.862,1487,32154
837,51984,22119.115,8560.857,1484,32565
838,51984,22154.010,8574.672,1468,32686
839,51984,22220.004,8603.431,1489,32221
840,51984,22195.129,8594.594,1497,32240
841,51984,22207.357,8598.889,1452,32050
842,51984,22210.398,8599.523,1474,31984
843,51984,22175.963,8588.610,1478,32050
844,51984,22117.828,8566.025,1483,32257
845,51984,22137.084,8571.333,1492,32308
846,51984,22161.309,8584.205,1496,32068
847,51984,22130.031,8577.268,1444,31983
848,51984,22205.457,8602.745,1399,31982
849,51984,22230.840,8614.757,1467,32033
850,51984,22178.941,8590.506,1493,32257
851,51984,22092.412,8561.461,1440,32066
852,51984,22193.184,8601.434,1463,32307
853,51984,22157.881,8587.900,1485,32582
854,51984,22180.188,8597.729,1448,32240
855,51984,22169.607,8590.517,1478,31862
856,51984,22199.814,8602.230,1473,32565
857,51984,22162.926,8592.278,1402,32051
858,51984,22171.238,8593.331,1436,32085
859,51984,22153.961,8591.183,1485,32222
860,51984,22155.195,8590.372,1473,32138
861,51984,22166.875,8594.494,1478,32581
862,51984,22170.979,8597.672,1488,32325
863,51984,22182.082,8603.563,1441,32462
864,51984,22203.316,8607.856,1426,32205
865,51984,22181.193,8602.161,1490,31965
866,51984,22178.641,8600.047,1487,31966
867,51984,22166.070,8593.667,1438,32496
868,51984,22146.086,8583.323,1423,32205
869,51984,22172.424,8598.166,1458,32445
870,51984,22165.521,8593.019,1433,32223
871,51984,22153.705,8589.315,1433,32169
872,51984,22152.416,8585.462,1490,32119
873,51984,22195.982,8605.891,1465,32479
874,51984,22214.596,8612.501,1452,32496
875,51984,22194.080,8603.375,1495,32325
876,51984,22194.391,8603.864,1457,32377
877,51984,22161.600,8594.330,1459,32240
878,51984,22182.342,8597.617,1484,32118
879,51984,22169.732,8591.271,1428,32205
880,51984,22216.475,8612.861,1503,32393
881,51984,22198.576,8603.257,1456,32222
882,51984,22190.309,8604.394,1488,32154
883,51984,22114.227,8572.461,1412,32033
884,51984,22148.404,8588.362,1483,32428
885,51984,22185.635,8600.861,1494,32598
886,51984,22216.750,8609.842,1432,32342
887,51984,22144.225,8585.770,1415,32496
888,51984,22137.367,8579.172,1471,32256
889,51984,22175.840,8594.796,1441,32239
890,51984,22202.480,8606.995,1476,32291
891,51984,22147.439,8584.562,1460,32410
892,51984,22169.264,8594.928,1405,32016
893,51984,22125.537,8576.467,1487,32187
894,51984,22205.979,8609.830,1451,32599
895,51984,22163.492,8589.219,1481,31845
896,51984,22171.893,8593.511,1486,32531
897,51984,22175.855,8597.415,1477,32582
898,51984,22118.307,8570.126,1477,32222
899,51984,22154.262,8587.124,1489,32702
900,51984,22224.113,8617.143,1497,32565
901,51984,22174.484,8592.291,1451,32547
902,51984,22207.529,8608.012,1453,32376
903,51984,22196.789,8604.390,1445,32137
904,51984,22146.367,8585.502,1499,32291
905,51984,22158.973,8589.712,1463,31931
906,51984,22267.621,8630.690,1505,32547
907,51984,22222.092,8613.244,1502,32171
908,51984,22169.934,8591.435,1479,32394
909,51984,22171.070,8593.829,1509,32359
910,51984,22146.256,8583.364,1488,32205
911,51984,22188.693,8602.355,1443,31930
912,51984,22193.943,8599.638,1459,32154
913,51984,22130.840,8574.785,1462,32188
914,51984,22221.385,8607.693,1473,31965
915,51984,22161.703,8588.651,1458,32497
916,51984,22166.168,8592.715,1463,32170
917,51984,22199.848,8601.541,1447,32273
918,51984,22215.652,8608.789,1454,32684
919,51984,22202.281,8604.044,1490,32530
920,51984,22246.029,8620.528,1438,32119
921,51984,22204.383,8600.466,1458,32565
922,51984,22256.826,8620.563,1451,32873
923,51984,22185.371,8593.939,1466,32410
924,51984,22140.305,8575.227,1447,32755
925,51984,22180.033,8591.078,1438,32462
926,51984,22229.783,8610.576,1494,31964
927,51984,22210.357,8605.963,1486,32273
928,51984,22224.742,8610.782,1502,32136
929,51984,22180.219,8592.868,1448,32188
930,51984,22197.322,8599.399,1482,32445
931,51984,22145.631,8577.970,1490,31914
932,51984,22234.475,8614.307,1464,32428
933,51984,22193.062,8594.210,1504,32188
934,51984,22168.551,8585.104,1481,32600
935,51984,22195.182,8596.148,1484,31948
936,51984,22176.652,8585.917,1421,32377
937,51984,22200.818,8595.638,1461,32685
938,51984,22178.389,8589.809,1485,32325
939,51984,22199.109,8593.485,1449,32462
940,51984,22231.270,8606.507,1461,31999
941,51984,22160.273,8583.169,1513,32598
942,51984,22167.102,8579.821,1455,31947
943,51984,22156.643,8579.946,1457,31947
944,51984,22147.324,8573.045,1479,32479
945,51984,22253.080,8618.193,1505,32495
946,51984,22215.996,8599.173,1457,32154
947,51984,22166.197,8580.151,1440,32274
948,51984,22234.410,8609.644,1418,32308
949,51984,22183.453,8587.560,1429,32154
950,51984,22193.021,8588.497,1495,32205
951,51984,22135.541,8564.380,1394,32359
952,51984,22170.479,8580.139,1461,32256
953,51984,22221.217,8602.168,1468,32103
954,51984,22171.023,8578.691,1500,31554
955,51984,22190.248,8584.602,1448,32188
956,51984,22183.328,8584.328,1454,32135
957,51984,22181.934,8583.153,1485,32445
958,51984,22215.838,8595.759,1474,32514
959,51984,22188.287,8585.411,1440,32119
960,51984,22244.271,8607.213,1463,32222
961,51984,22238.988,8604.506,1439,32068
962,51984,22190.285,8584.933,1459,32221
963,51984,22182.785,8582.659,1402,32478
964,51984,22191.020,8584.094,1461,32187
965,51984,22201.918,8585.216,1457,32223
966,51984,22273.410,8615.204,1442,32343
967,51984,22221.473,8599.031,1513,32290
968,51984,22174.764,8578.188,1484,32170
969,51984,22154.314,8572.409,1510,32566
970,51984,22157.180,8571.556,1453,32222
971,51984,22230.197,8598.834,1495,31965
972,51984,22186.199,8582.176,1440,32084
973,51984,22195.887,8585.288,1437,32410
974,51984,22164.713,8573.356,1473,32342
975,51984,22266.402,8612.526,1490,32376
976,51984,22196.412,8583.857,1509,32050
977,51984,22203.377,8587.115,1405,32530
978,51984,22225.094,8596.931,1443,32805
979,51984,22174.666,8576.312,1471,32000
980,51984,22188.494,8581.551,1473,32343
981,51984,22112.338,8550.066,1456,32478
982,51984,22229.420,8598.351,1433,32598
983,51984,22241.662,8599.548,1427,32033
984,51984,22180.852,8577.393,1448,32376
985,51984,22172.086,8572.816,1493,32035
986,51984,22234.041,8597.662,1464,32238
987,51984,22253.354,8602.745,1496,32805
988,51984,22156.934,8568.601,1455,31914
989,51984,22205.994,8585.555,1437,32205
990,51984,22223.705,8590.866,1499,32736
991,51984,22244.422,8600.183,1480,32770
992,51984,22248.395,8600.432,1430,32599
993,51984,22190.906,8582.390,1435,32341
994,51984,22191.635,8579.021,1456,32274
995,51984,22224.109,8592.534,1433,32359
996,51984,22227.275,8592.773,1486,31982
997,51984,22179.518,8573.581,1492,31982
998,51984,22287.135,8619.894,1421,32668
999,51984,22222.824,8590.601,1513,31948
1000,51984,22217.668,8590.623,1500,32599
1001,51984,22200.496,8583.104,1487,31930
1002,51984,22206.662,8584.683,1494,31450
1003,51984,22196.395,8582.356,1483,32428
1004,51984,22206.318,8584.766,1472,32377
1005,51984,22183.902,8576.294,1452,32256
1006,51984,22183.084,8573.418,1449,32187
1007,51984,22235.266,8595.891,1419,32478
1008,51984,22189.004,8574.625,1480,32427
1009,51984,22176.447,8573.951,1438,31914
1010,51984,22255.893,8602.659,1479,32085
1011,51984,22216.355,8589.054,1439,32463
1012,51984,22200.395,8582.784,1496,32497
1013,51984,22196.900,8580.114,1514,32239
1014,51984,22171.371,8565.874,1417,32169
1015,51984,22217.043,8586.915,1477,32000
1016,51984,22200.166,8580.211,1477,32308
1017,51984,22148.059,8558.354,1461,32256
1018,51984,22187.859,8572.961,1468,31810
1019,51984,22207.729,8580.833,1476,32188
1020,51984,22231.023,8588.065,1467,32324
1021,51984,22257.072,8600.423,1460,32324
1022,51984,22220.889,8583.348,1477,32360
1023,51984,22203.764,8575.994,1490,32222
1024,51984,22265.445,8601.042,1464,32084
1025,51984,22243.271,8590.062,1483,31930
1026,51984,22251.902,8593.604,1468,32119
1027,51984,22234.732,8583.135,1443,32582
1028,51984,22225.668,8585.240,1440,32051
1029,51984,22260.184,8594.993,1454,32274
1030,51984,22211.219,8575.747,1484,32565
1031,51984,22232.193,8582.062,1465,32136
1032,51984,22229.623,8581.610,1467,32428
1033,51984,22258.613,8594.143,1464,32222
1034,51984,22196.049,8569.130,1415,32017
1035,51984,22217.984,8574.492,1499,31965
1036,51984,22284.229,8603.157,1481,32496
1037,51984,22223.916,8579.853,1473,32154
1038,51984,22225.740,8577.673,1436,32307
1039,51984,22233.246,8582.495,1455,32154
1040,51984,22181.320,8561.649,1464,32154
1041,51984,22263.854,8589.243,1444,31896
1042,51984,22245.043,8585.193,1518,32583
1043,51984,22197.027,8565.780,1446,32103
1044,51984,22289.828,8603.309,1464,32633
1045,51984,22187.881,8561.405,1482,32513
1046,51984,22211.203,8573.980,1496,32153
1047,51984,22251.617,8586.641,1437,32634
1048,51984,22245.627,8582.190,1477,32565
1049,51984,22188.697,8563.931,1429,32788
1050,51984,22234.445,8576.971,1432,31982
1051,51984,22208.166,8563.840,1471,32325
1052,51984,22250.840,8585.467,1484,32205
1053,51984,22242.395,8579.564,1527,32394
1054,51984,22258.910,8587.525,1495,32272
1055,51984,22189.176,8557.756,1485,32290
1056,51984,22249.572,8581.132,1498,32377
1057,51984,22260.033,8583.749,1450,31965
1058,51984,22244.146,8581.684,1493,31913
1059,51984,22247.553,8576.341,1477,32289
1060,51984,22243.912,8576.058,1462,32633
1061,51984,22252.961,8580.562,1521,32000
1062,51984,22241.951,8578.302,1487,32393
1063,51984,22293.641,8593.316,1496,32170
1064,51984,22208.211,8557.312,1498,32325
1065,51984,22190.088,8551.512,1509,31930
1066,51984,22198.598,8556.484,1466,32325
1067,51984,22248.168,8576.759,1467,32223
1068,51984,22258.084,8576.505,1493,32378
1069,51984,22248.506,8574.512,1429,32307
1070,51984,22248.260,8574.393,1442,32600
1071,51984,22251.699,8570.211,1492,32496
1072,51984,22274.398,8579.698,1484,32170
1073,51984,22177.348,8542.450,1492,31725
1074,51984,22238.826,8565.798,1424,32256
1075,51984,22237.838,8565.998,1479,31554
1076,51984,22238.570,8565.930,1498,32839
1077,51984,22230.881,8562.042,1476,32975
1078,51984,22236.137,8562.029,1535,32205
1079,51984,22232.678,8561.452,1501,32256
1080,51984,22220.797,8555.621,1483,32514
1081,51984,22333.467,8600.658,1460,32136
1082,51984,22270.980,8575.496,1515,32633
1083,51984,22229.250,8554.014,1439,32719
1084,51984,22271.223,8573.825,1437,33062
1085,51984,22273.900,8571.977,1502,32120
1086,51984,22208.971,8549.550,1463,32223
1087,51984,22256.066,8562.938,1441,32411
1088,51984,22233.344,8557.746,1470,32444
1089,51984,22248.076,8558.129,1523,32479
1090,51984,22335.297,8593.701,1493,32583
1091,51984,22312.873,8583.518,1470,32496
1092,51984,22272.088,8568.105,1430,32274
1093,51984,22211.379,8544.743,1470,32222
1094,51984,22213.189,8545.027,1448,32307
1095,51984,22296.818,8574.269,1485,32427
1096,51984,22299.289,8571.242,1424,32016
1097,51984,22219.902,8545.081,1497,32119
1098,51984,22281.883,8565.583,1484,32566
1099,51984,22253.779,8556.348,1482,31948
1100,51984,22313.301,8575.284,1458,32085
1101,51984,22300.164,8572.691,1480,32393
1102,51984,22301.117,8569.850,1503,32514
1103,51984,22267.434,8555.167,1455,32137
1104,51984,22288.223,8562.725,1458,32446
1105,51984,22266.336,8552.661,1504,32530
1106,51984,22270.445,8554.869,1471,32513
1107,51984,22250.588,8545.653,1486,32274
1108,51984,22331.262,8575.472,1474,32239
1109,51984,22280.988,8557.732,1421,32189
1110,51984,22303.156,8565.237,1494,32616
1111,51984,22268.398,8547.460,1515,32394
1112,51984,22297.658,8562.524,1475,32599
1113,51984,22327.283,8570.975,1509,32908
1114,51984,22245.035,8537.620,1467,32358
1115,51984,22276.744,8550.528,1485,32376
1116,51984,22285.510,8550.568,1463,31913
1117,51984,22219.721,8524.067,1485,32290
1118,51984,22331.922,8570.514,1508,32650
1119,51984,22373.936,8582.848,1460,32599
1120,51984,22317.488,8558.774,1509,32651
1121,51984,22351.350,8572.952,1490,32290
1122,51984,22268.010,8538.031,1437,32309
1123,51984,22301.469,8550.831,1474,32085
1124,51984,22283.104,8542.816,1492,32684
1125,51984,22299.021,8547.779,1479,32600
1126,51984,22283.980,8537.668,1502,32429
1127,51984,22292.303,8543.371,1526,32685
1128,51984,22309.631,8549.215,1493,32376
1129,51984,22252.645,8526.034,1488,31863
1130,51984,22279.047,8533.108,1484,31983
1131,51984,22311.561,8547.871,1483,32326
1132,51984,22320.088,8549.067,1498,32256
1133,51984,22315.295,8544.680,1473,32394
1134,51984,22319.246,8546.004,1418,32531
1135,51984,22320.533,8547.712,1487,32308
1136,51984,22330.836,8549.718,1495,32446
1137,51984,22286.258,8532.571,1454,32634
1138,51984,22254.711,8518.669,1494,32273
1139,51984,22390.188,8571.695,1469,32616
1140,51984,22345.486,8552.560,1512,32531
1141,51984,22321.219,8543.857,1458,31896
1142,51984,22372.549,8565.341,1492,32446
1143,51984,22290.311,8529.595,1517,32119
1144,51984,22313.512,8542.870,1496,32239
1145,51984,22337.291,8544.797,1452,32290
1146,51984,22307.848,8536.792,1499,32154
1147,51984,22365.566,8557.603,1519,32308
1148,51984,22326.256,8544.000,1480,32171
1149,51984,22296.705,8531.155,1502,32324
1150,51984,22331.771,8548.024,1464,32565
1151,51984,22331.168,8544.221,1484,32275
1152,51984,22311.607,8538.850,1517,31965
1153,51984,22319.539,8539.065,1461,31913
1154,51984,22324.291,8538.991,1511,32119
1155,51984,22351.068,8551.194,1534,32136
1156,51984,22298.721,8530.319,1512,31999
1157,51984,22325.229,8538.619,1465,32291
1158,51984,22324.789,8539.445,1517,32650
1159,51984,22359.957,8551.628,1549,32343
1160,51984,22366.404,8550.229,1510,32377
1161,51984,22365.477,8551.839,1526,32359
1162,51984,22265.938,8511.403,1500,32103
1163,51984,22333.678,8540.422,1476,31948
1164,51984,22320.412,8530.488,1500,32119
1165,51984,22345.695,8543.949,1524,32411
1166,51984,22366.990,8551.021,1538,32308
1167,51984,22365.898,8550.624,1527,32205
1168,51984,22347.072,8543.314,1452,32016
1169,51984,22441.092,8577.006,1480,32839
1170,51984,22351.643,8543.423,1500,32033
1171,51984,22329.914,8533.949,1458,32359
1172,51984,22373.992,8547.183,1509,32204
1173,51984,22335.195,8528.605,1492,32256
1174,51984,22337.178,8527.728,1478,31999
1175,51984,22330.203,8522.702,1410,32583
1176,51984,22354.307,8530.256,1453,32172
1177,51984,22399.416,8542.506,1480,32222
1178,51984,22378.861,8532.432,1511,32822
1179,51984,22280.367,8486.446,1482,32239
1180,51984,22354.910,8513.532,1526,32701
1181,51984,22322.176,8495.505,1489,32102
1182,51984,22351.693,8499.067,1507,32188
1183,51984,22374.494,8502.128,1495,32068
1184,51984,22340.646,8481.611,1489,32308
1185,51984,22394.234,8496.611,1473,32255
1186,51984,22303.955,8459.480,1504,32136
1187,51984,22351.764,8468.075,1527,32993
1188,51984,22320.215,8456.536,1527,32342
1189,51984,22320.029,8457.729,1491,32222
1190,51984,22377.707,8475.373,1531,32376
1191,51984,22363.879,8472.301,1547,32240
1192,51984,22400.982,8487.063,1522,33095
1193,51984,22329.162,8460.016,1509,32496
1194,51984,22392.287,8487.131,1523,32171
1195,51984,22387.902,8488.944,1483,32702
1196,51984,22432.551,8509.954,1490,32684
1197,51984,22418.264,8506.899,1508,32530
1198,51984,22334.703,8476.971,1527,32342
1199,51984,22408.123,8507.332,1466,32119
1200,51984,22366.432,8490.479,1523,32068
1201,51984,22402.742,8507.622,1537,32668
1202,51984,22337.346,8485.730,1499,32136
1203,51984,22371.662,8498.325,1478,32256
1204,51984,22370.154,8501.263,1498,32136
1205,51984,22399.592,8509.640,1463,31966
1206,51984,22359.342,8495.369,1554,32359
1207,51984,22440.932,8525.968,1532,32103
1208,51984,22384.967,8504.153,1520,32496
1209,51984,22405.068,8508.350,1514,32393
1210,51984,22448.914,8525.905,1524,32172
1211,51984,22401.152,8504.715,1479,32581
1212,51984,22403.354,8504.702,1492,31982
1213,51984,22399.482,8504.845,1497,32358
1214,51984,22406.830,8505.945,1504,32274
1215,51984,22475.398,8535.610,1533,32411
1216,51984,22369.166,8489.702,1503,31879
1217,51984,22365.420,8483.974,1535,32291
1218,51984,22473.900,8511.401,1523,32547
1219,51984,22398.539,8461.748,1531,32446
1220,51984,22518.621,8482.238,1551,32565
1221,51984,22518.180,8459.360,1559,32273
1222,51984,22529.512,8443.299,1482,32205
1223,51984,22561.402,8459.902,1507,32137
1224,51984,22393.023,8433.590,1463,32085
1225,51984,22402.422,8436.522,1520,32256
1226,51984,22323.822,8387.060,1441,32205
1227,51984,21827.086,8060.389,1555,32188
1228,51984,18622.680,7107.090,1330,29000
1229,51984,23722.684,5462.309,2502,31006
1230,51984,23476.814,6547.820,2363,31863
1231,51984,23221.875,7057.350,2194,32598
1232,51984,23061.281,7427.959,2086,32393
1233,51984,22854.709,7653.145,1909,32307
1234,51984,22830.129,7866.690,1871,32393
1235,51984,22775.191,7999.917,1768,32651
1236,51984,22634.871,8047.872,1727,32342
1237,51984,22616.338,8106.944,1554,32461
1238,51984,22551.723,8123.574,1655,32206
1239,51984,22612.258,8169.172,1607,32719
1240,51984,22611.014,8176.822,1583,32188
1241,51984,22604.920,8164.542,1595,32068
1242,51984,22618.922,8164.878,1620,32600
1243,51984,22627.428,8160.611,1603,32135
1244,51984,22640.736,8150.528,1619,32411
1245,51984,22644.557,8128.088,1618,32856
1246,51984,22716.467,8124.853,1601,32446
1247,51984,22712.234,8084.618,1661,32446
1248,51984,22731.516,8055.615,1659,32393
1249,51984,22830.510,8048.405,1659,32393
1250,51984,22808.230,8001.024,1638,32462
1251,51984,22895.740,7980.718,1680,31913
1252,51984,22824.582,7909.755,1673,32428
1253,51984,22904.215,7891.711,1675,32582
1254,51984,22946.127,7848.383,1667,32497
1255,51984,23054.848,7834.721,1691,32685
1256,51984,23058.561,7773.766,1674,32136
1257,51984,23108.213,7751.255,1686,32393
1258,51984,23100.879,7714.197,1720,32171
1259,51984,23143.752,7697.563,1764,32138
1260,51984,23167.996,7675.835,1757,32701
1261,51984,23282.129,7679.154,1785,32547
1262,51984,23263.689,7626.787,1729,32548
1263,51984,23295.068,7596.171,1764,32152
1264,51984,23271.824,7539.003,1797,32205
1265,51984,23494.045,7554.589,1784,32839
1266,51984,23526.182,7485.051,1797,32684
1267,51984,23652.197,7425.590,1793,32341
1268,51984,23809.125,7336.892,1870,32325
1269,51984,23986.508,7183.295,1911,32565
1270,51984,24222.523,7002.101,2000,32204
1271,51984,24462.041,6819.650,2058,32788
1272,51984,24590.447,6616.354,2073,32376
1273,51984,24830.303,6480.966,2163,32565
1274,51984,24939.396,6332.715,2214,32497
1275,51984,25041.420,6194.478,2241,32479
1276,51984,25136.443,6058.263,2319,31998
1277,51984,25270.609,5953.654,2371,32977
1278,51984,25355.758,5855.067,2433,32428
1279,51984,25399.451,5762.427,2484,32977
1280,51984,25467.012,5702.329,2429,32360
1281,51984,25466.494,5642.983,2477,32239
1282,51984,25544.064,5616.886,2560,33045
1283,51984,25556.652,5584.216,2561,32530
1284,51984,25520.420,5550.658,2517,32821
1285,51984,25575.119,5555.381,2617,33011
1286,51984,25565.654,5534.374,2538,32290
1287,51984,25529.049,5516.045,2519,32856
1288,51984,25601.422,5518.976,2545,33199
1289,51984,25607.447,5516.085,2521,32737
1290,51984,25628.617,5519.414,2593,32513
1291,51984,25625.520,5549.198,2636,32239
1292,51984,25599.820,5531.627,2501,32667
1293,51984,25397.020,5523.000,2641,32548
1294,51984,24960.258,5700.787,2510,32634
1295,51984,24403.789,6067.194,2466,32822
1296,51984,23938.330,6508.931,2343,32789
1297,51984,23467.008,6878.754,2210,32086
1298,51984,23159.924,7209.267,2120,32668
1299,51984,22923.668,7464.595,1938,32240
1300,51984,22772.688,7663.629,1930,32480
1301,51984,22667.410,7814.521,1792,32599
1302,51984,22596.816,7920.325,1703,32256
1303,51984,22626.797,8015.384,1687,32532
1304,51984,22561.242,8052.788,1620,33284
1305,51984,22533.887,8084.769,1676,32669
1306,51984,22517.348,8110.024,1616,32171
1307,51984,22494.760,8129.760,1578,32462
1308,51984,22495.570,8159.279,1611,32479
1309,51984,22463.258,8170.571,1577,31912
1310,51984,22471.369,8192.146,1588,32325
1311,51984,22453.471,8202.921,1596,32633
1312,51984,22537.021,8249.710,1548,32651
1313,51984,22465.611,8236.838,1580,32136
1314,51984,22443.268,8236.821,1583,31897
1315,51984,22433.570,8235.423,1600,32000
1316,51984,22507.975,8273.396,1597,32171
1317,51984,22419.314,8244.339,1584,32600
1318,51984,22448.264,8256.438,1506,32462
1319,51984,22454.061,8260.189,1582,32102
1320,51984,22427.758,8249.627,1558,32102
1321,51984,22448.371,8261.993,1575,32445
1322,51984,22397.320,8242.610,1528,32324
1323,51984,22468.523,8273.239,1529,32360
1324,51984,22426.418,8258.431,1533,32188
1325,51984,22437.656,8263.525,1567,32719
1326,51984,22457.861,8266.378,1508,32633
1327,51984,22463.648,8275.143,1555,32360
1328,51984,22501.678,8281.387,1588,32308
1329,51984,22505.451,8289.410,1576,32239
1330,51984,22493.791,8285.430,1603,32325
1331,51984,22530.775,8300.146,1596,32443
1332,51984,22480.225,8279.029,1555,32513
1333,51984,22475.898,8279.890,1491,32564
1334,51984,22483.879,8272.952,1542,32514
1335,51984,22550.771,8293.585,1572,32462
1336,51984,22514.699,8272.989,1546,32325
1337,51984,22487.518,8258.647,1552,32633
1338,51984,22512.600,8266.479,1573,32530
1339,51984,22568.256,8285.937,1575,32428
1340,51984,22544.887,8271.584,1539,32463
1341,51984,22579.508,8273.388,1555,32564
1342,51984,22572.199,8265.285,1578,32668
1343,51984,22518.768,8239.034,1571,32102
1344,51984,22536.297,8237.342,1552,32393
1345,51984,22631.521,8270.018,1582,32686
1346,51984,22554.049,8230.994,1586,32135
1347,51984,22600.434,8235.667,1576,32206
1348,51984,22652.543,8244.830,1575,32222
1349,51984,22654.432,8237.549,1599,32719
1350,51984,22713.822,8246.153,1513,32188
1351,51984,22696.348,8219.848,1585,32822
1352,51984,22745.920,8207.363,1608,32891
1353,51984,22707.881,8156.961,1591,32273
1354,51984,22849.365,8126.354,1590,32359
1355,51984,23021.086,8011.821,1594,32685
1356,51984,23203.533,7885.753,1691,32222
1357,51984,23338.080,7776.875,1663,32565
1358,51984,23332.420,7744.702,1763,32514
1359,51984,23213.557,7679.565,1775,32325
1360,51984,23250.551,7629.986,1684,32531
1361,51984,23151.164,7553.440,1779,32360
1362,51984,23138.918,7517.663,1719,32325
1363,51984,23074.650,7446.147,1828,32359
1364,51984,23138.652,7391.067,1798,32513
1365,51984,23252.568,7360.428,1790,32462
1366,51984,23371.049,7347.745,1863,32736
1367,51984,23349.477,7292.829,1905,32615
1368,51984,23413.098,7257.500,1912,32478
1369,51984,23432.355,7235.159,1900,32873
1370,51984,23537.678,7184.438,1956,32651
1371,51984,23660.654,7125.433,1904,32393
1372,51984,23618.484,7058.665,2004,32411
1373,51984,23449.375,7138.491,1953,32461
1374,51984,23322.750,7281.831,1924,31998
1375,51984,23234.881,7442.879,1919,32821
1376,51984,23155.469,7581.708,1863,32342
1377,51984,23098.723,7702.271,1862,32428
1378,51984,23004.352,7788.727,1805,32531
1379,51984,22943.693,7860.085,1758,32376
1380,51984,22921.367,7924.548,1744,32343
1381,51984,22919.041,7975.710,1714,32445
1382,51984,22823.939,7971.729,1724,32221
1383,51984,22867.705,8015.487,1659,32720
1384,51984,22849.252,8023.021,1664,32308
1385,51984,22942.420,8068.486,1618,32205
1386,51984,22839.453,8040.217,1634,32393
1387,51984,22862.727,8049.337,1703,32650
1388,51984,22829.439,8043.034,1693,32582
1389,51984,22869.619,8059.123,1666,33061
1390,51984,22765.777,8024.518,1626,32668
1391,51984,22881.352,8069.512,1684,32582
1392,51984,22844.365,8058.255,1655,32445
1393,51984,22881.203,8074.514,1701,32496
1394,51984,22814.406,8050.993,1666,32428
1395,51984,22830.064,8059.622,1587,32204
1396,51984,22815.320,8053.712,1603,32377
1397,51984,22874.824,8075.051,1613,32256
1398,51984,22848.475,8069.519,1629,32223
1399,51984,22795.580,8051.286,1662,31725
1400,51984,22839.842,8066.793,1616,32496
1401,51984,22826.762,8060.943,1604,31983
1402,51984,22857.016,8072.720,1676,32753
1403,51984,22906.406,8086.106,1673,32839
1404,51984,22955.852,8105.496,1609,32463
1405,51984,22927.285,8093.430,1653,32753
1406,51984,22873.777,8074.793,1687,32016
1407,51984,22849.027,8069.248,1657,32496
1408,51984,22892.053,8076.254,1659,32856
1409,51984,22828.533,8056.503,1628,32445
1410,51984,22868.633,8075.462,1656,32496
1411,51984,22861.459,8070.110,1605,32427
1412,51984,22825.512,8054.154,1620,32137
1413,51984,22818.514,8054.303,1656,31863
1414,51984,22917.727,8087.195,1666,32873
1415,51984,22849.168,8064.580,1625,32720
1416,51984,22841.311,8068.471,1620,32685
1417,51984,22844.459,8068.704,1643,32566
1418,51984,22864.367,8073.961,1655,32154
1419,51984,22913.350,8095.637,1636,32823
1420,51984,22840.250,8063.800,1641,32359
1421,51984,22886.152,8084.049,1687,32119
1422,51984,22834.754,8064.729,1670,32616
1423,51984,22948.695,8101.628,1681,32856
1424,51984,22915.066,8094.270,1653,32874
1425,51984,22873.834,8080.629,1677,32669
1426,51984,22884.555,8083.596,1684,32581
1427,51984,22882.752,8089.047,1680,32411
1428,51984,22910.867,8103.848,1649,32085
1429,51984,22871.408,8089.127,1617,32788
1430,51984,22900.162,8099.717,1652,32119
1431,51984,22818.197,8074.532,1696,32222
1432,51984,22825.885,8076.974,1671,32308
1433,51984,22831.088,8080.631,1657,32222
1434,51984,22855.459,8090.422,1693,32496
1435,51984,22795.043,8070.388,1677,32719
1436,51984,22813.355,8073.687,1591,32633
1437,51984,22887.598,8099.798,1674,32582
1438,51984,22892.311,8100.594,1716,32325
1439,51984,22823.660,8076.866,1710,31999
1440,51984,22865.514,8092.882,1667,32240
1441,51984,22794.998,8059.786,1631,32599
1442,51984,22785.279,8062.321,1613,32461
1443,51984,22822.586,8076.570,1618,32325
1444,51984,22791.387,8069.680,1636,32856
1445,51984,22763.098,8056.435,1634,32393
1446,51984,22866.418,8096.922,1638,32582
1447,51984,22767.949,8057.750,1644,32427
1448,51984,22866.086,8090.752,1623,32530
1449,51984,22830.025,8073.571,1567,32684
1450,51984,22826.201,8068.389,1609,32376
1451,51984,22793.010,8047.755,1691,32410
1452,51984,22806.518,8042.427,1674,32394
1453,51984,22769.477,8021.069,1653,32564
1454,51984,22804.934,8029.105,1657,33268
1455,51984,22832.055,8026.839,1700,32358
1456,51984,22871.580,8033.191,1685,32565
1457,51984,22841.182,8015.166,1704,32496
1458,51984,22864.176,8018.744,1688,32976
1459,51984,22833.098,8011.730,1657,32564
1460,51984,22829.613,8010.156,1681,32445
1461,51984,22823.479,8012.859,1655,31828
1462,51984,22815.266,8016.656,1679,32531
1463,51984,22793.779,8034.473,1701,32702
1464,51984,22828.098,8059.693,1622,32393
1465,51984,22715.908,8037.623,1660,32495
1466,51984,22760.336,8100.817,1633,32566
1467,51984,22587.521,8112.023,1628,32496
1468,51984,21564.643,7776.671,1635,31983
1469,51984,13820.043,4429.552,1306,20789
1470,51984,23970.180,5320.128,2615,31982
1471,51984,23608.963,6020.933,2443,31879
1472,51984,23295.166,6458.992,2344,31912
1473,51984,23027.074,6791.154,2235,31914
1474,51984,22853.508,7081.015,2043,32206
1475,51984,22692.852,7288.812,1967,32120
1476,51984,22571.875,7447.481,1860,32103
1477,51984,22558.504,7587.257,1796,32189
1478,51984,22524.115,7668.029,1751,32359
1479,51984,22455.447,7703.976,1630,31622
1480,51984,22431.195,7729.483,1725,32410
1481,51984,22415.619,7745.785,1665,32343
1482,51984,22485.066,7781.246,1680,32360
1483,51984,22464.113,7779.421,1669,32136
1484,51984,22433.639,7775.638,1662,32410
1485,51984,22379.277,7756.474,1635,31725
1486,51984,22387.875,7766.705,1634,32275
1487,51984,22394.041,7770.043,1632,32085
1488,51984,22443.676,7789.573,1647,32100
1489,51984,22394.939,7772.104,1592,32428
1490,51984,22474.062,7803.277,1572,32050
1491,51984,22443.559,7789.745,1620,31949
1492,51984,22455.635,7799.286,1629,32702
1493,51984,22431.436,7788.833,1626,32171
1494,51984,22391.738,7778.136,1612,32085
1495,51984,22398.549,7780.852,1635,32651
1496,51984,22476.775,7816.728,1652,32170
1497,51984,22413.770,7795.513,1679,32187
1498,51984,22387.842,7789.254,1630,32839
1499,51984,22435.631,7808.107,1617,31897
1500,51984,22479.305,7826.784,1642,32583
1501,51984,22394.955,7800.995,1627,31879
1502,51984,22412.113,7807.992,1632,32462
1503,51984,22419.959,7815.844,1687,32358
1504,51984,22467.533,7837.160,1594,32633
1505,51984,22485.801,7845.241,1619,31897
1506,51984,22463.725,7836.536,1595,32102
1507,51984,22398.543,7816.410,1589,32343
1508,51984,22442.863,7835.321,1626,32206
1509,51984,22454.023,7839.813,1627,32600
1510,51984,22441.516,7838.795,1644,32154
1511,51984,22511.264,7863.527,1634,32256
1512,51984,22451.914,7849.471,1660,32290
1513,51984,22425.102,7837.835,1598,32600
1514,51984,22461.234,7795.347,1646,33096
1515,51984,22493.512,7752.719,1648,32120
1516,51984,22473.518,7721.188,1683,32360
1517,51984,22420.426,7700.012,1638,32052
1518,51984,22440.170,7711.441,1670,31931
1519,51984,22431.512,7720.023,1652,32034
1520,51984,22453.768,7739.732,1652,32239
1521,51984,22467.463,7757.410,1631,32239
1522,51984,22540.244,7797.787,1646,32651
1523,51984,22414.699,7766.088,1667,32274
1524,51984,22440.039,7787.726,1629,32222
1525,51984,22473.486,7812.483,1560,32513
1526,51984,22495.396,7837.899,1674,32376
1527,51984,22432.834,7826.339,1608,32102
1528,51984,22404.504,7826.213,1575,31947
1529,51984,22494.705,7866.356,1650,32908
1530,51984,22464.354,7863.092,1604,32120
1531,51984,22444.086,7863.914,1589,32496
1532,51984,22443.057,7871.967,1655,32223
1533,51984,22441.529,7876.615,1613,32667
1534,51984,22423.973,7879.620,1571,32154
1535,51984,22421.480,7884.459,1611,32394
1536,51984,22438.645,7899.158,1674,32222
1537,51984,22407.109,7891.214,1625,32170
1538,51984,22473.066,7920.751,1615,32616
1539,51984,22384.678,7894.053,1639,32255
1540,51984,22484.141,7932.952,1588,32496
1541,51984,22499.506,7929.938,1633,32650
1542,51984,22478.195,7913.278,1640,32394
1543,51984,22466.396,7909.946,1564,32017
1544,51984,22454.766,7912.310,1617,32205
1545,51984,22427.799,7910.901,1578,32325
1546,51984,22460.324,7924.200,1601,32427
1547,51984,22458.076,7932.388,1637,32256
1548,51984,22467.547,7937.109,1586,32479
1549,51984,22426.322,7924.215,1607,32015
1550,51984,22405.039,7920.403,1583,32119
1551,51984,22454.879,7939.795,1556,32376
1552,51984,22465.783,7944.889,1608,32274
1553,51984,22502.109,7962.055,1633,33234
1554,51984,22499.920,7962.507,1650,32582
1555,51984,22424.705,7942.312,1602,31794
1556,51984,22492.205,7967.371,1647,32428
1557,51984,22466.230,7960.885,1616,32171
1558,51984,22494.527,7972.690,1586,32480
1559,51984,22448.648,7964.694,1554,32599
1560,51984,22455.355,7968.557,1604,32309
1561,51984,22515.500,7993.159,1620,32171
1562,51984,22521.500,8002.976,1613,32291
1563,51984,22503.078,8000.475,1586,32187
1564,51984,22487.141,7994.117,1600,32411
1565,51984,22482.172,8002.206,1641,32171
1566,51984,22448.607,7988.809,1601,32189
1567,51984,22476.088,8002.583,1639,31793
1568,51984,22466.938,8002.064,1638,31949
1569,51984,22434.748,7992.677,1590,32238
1570,51984,22529.092,8033.728,1611,32084
1571,51984,22548.277,8045.623,1603,32634
1572,51984,22428.848,8005.042,1588,32188
1573,51984,22501.643,8041.537,1590,32308
1574,51984,22502.961,8045.920,1598,32017
1575,51984,22544.680,8063.658,1609,32822
1576,51984,22493.912,8047.729,1568,32445
1577,51984,22549.361,8068.900,1609,32514
1578,51984,22508.518,8058.375,1608,32754
1579,51984,22459.008,8041.114,1553,32410
1580,51984,22459.291,8043.259,1581,32359
1581,51984,22524.373,8069.978,1583,32771
1582,51984,22526.527,8074.252,1550,32667
1583,51984,22468.338,8057.486,1635,32291
1584,51984,22435.492,8051.559,1613,32393
1585,51984,22587.900,8113.208,1595,32478
1586,51984,22531.754,8097.715,1614,32496
1587,51984,22471.088,8084.335,1608,32342
1588,51984,22478.219,8092.141,1589,31588
1589,51984,22436.463,8085.596,1581,32120
1590,51984,22511.828,8119.565,1577,32068
1591,51984,22482.637,8112.623,1577,32720
1592,51984,22464.137,8116.146,1582,32376
1593,51984,22532.133,8144.601,1587,32634
1594,51984,22503.686,8141.000,1610,32274
1595,51984,22520.590,8151.047,1586,32273
1596,51984,22488.486,8145.027,1596,32376
1597,51984,22450.199,8136.015,1577,32565
1598,51984,22501.797,8161.173,1581,32086
1599,51984,22510.139,8169.155,1508,32119
1600,51984,22506.316,8170.807,1593,32617
1601,51984,22502.312,8173.842,1599,32154
1602,51984,22455.748,8160.758,1563,32188
1603,51984,22487.002,8172.890,1603,32616
1604,51984,22410.121,8152.016,1577,32718
1605,51984,22491.377,8184.463,1541,32736
1606,51984,22551.814,8213.898,1585,32805
1607,51984,22508.967,8200.284,1530,32788
1608,51984,22490.428,8198.994,1592,31932
1609,51984,22488.604,8203.646,1546,32771
1610,51984,22555.668,8232.829,1560,32496
1611,51984,22512.129,8225.322,1540,32771
1612,51984,22541.543,8241.742,1537,32548
1613,51984,22477.428,8218.578,1577,31982
1614,51984,22491.404,8233.180,1538,32239
1615,51984,22460.836,8225.373,1553,32582
1616,51984,22459.297,8228.549,1553,31879
1617,51984,22456.736,8233.108,1603,32411
1618,51984,22566.547,8281.850,1572,32531
1619,51984,22542.297,8275.452,1535,32462
1620,51984,22498.371,8267.631,1541,32634
1621,51984,22530.262,8281.000,1588,32411
1622,51984,22501.443,8274.303,1580,32633
1623,51984,22470.199,8271.973,1482,32427
1624,51984,22467.225,8280.031,1580,32120
1625,51984,22483.742,8285.032,1523,32634
1626,51984,22458.127,8281.136,1568,32446
1627,51984,22505.217,8304.762,1532,32290
1628,51984,22437.572,8279.318,1584,32256
1629,51984,22503.578,8315.261,1578,32292
1630,51984,22407.035,8274.360,1576,32017
1631,51984,22541.998,8333.603,1519,32530
1632,51984,22535.832,8338.177,1536,32582
1633,51984,22476.959,8316.937,1537,32480
1634,51984,22440.979,8310.484,1504,31998
1635,51984,22565.049,8359.786,1569,32685
1636,51984,22534.273,8355.587,1528,32872
1637,51984,22419.633,8314.420,1500,32153
1638,51984,22445.727,8325.446,1514,32462
1639,51984,22468.947,8337.138,1548,32428
1640,51984,22435.088,8323.006,1568,32616
1641,51984,22538.010,8359.685,1524,32496
1642,51984,22473.525,8331.145,1549,32101
1643,51984,22522.498,8346.702,1525,32855
1644,51984,22464.035,8318.869,1541,32153
1645,51984,22513.514,8336.940,1538,32463
1646,51984,22477.471,8320.354,1585,32565
1647,51984,22449.963,8306.800,1569,31965
1648,51984,22511.342,8331.594,1543,32326
1649,51984,22505.869,8336.214,1569,32376
1650,51984,22548.154,8356.308,1541,32428
1651,51984,22518.785,8349.145,1560,32291
1652,51984,22523.188,8357.465,1547,32565
1653,51984,22511.357,8361.735,1526,32308
1654,51984,22539.012,8381.497,1508,32359
1655,51984,22469.725,8364.941,1560,32669
1656,51984,22458.568,8365.630,1537,32033
1657,51984,22560.670,8410.554,1529,32770
1658,51984,22510.732,8394.910,1561,32376
1659,51984,22512.477,8399.141,1529,32548
1660,51984,22463.824,8390.181,1548,32342
1661,51984,22478.850,8396.820,1518,32137
1662,51984,22523.873,8418.664,1533,32050
1663,51984,22466.844,8404.055,1457,32428
1664,51984,22476.225,8411.556,1517,32393
1665,51984,22548.812,8447.934,1518,31897
1666,51984,22470.680,8418.669,1532,32582
1667,51984,22457.434,8417.068,1535,32358
1668,51984,22486.355,8426.340,1534,32204
1669,51984,22480.541,8421.137,1508,32805
1670,51984,22526.504,8434.239,1553,32239
1671,51984,22525.395,8435.556,1517,32772
1672,51984,22544.174,8439.551,1527,32324
1673,51984,22513.846,8428.115,1531,32496
1674,51984,22499.781,8425.475,1541,32753
1675,51984,22519.865,8434.677,1507,32342
1676,51984,22535.350,8447.980,1554,32942
1677,51984,22618.234,8479.632,1584,32565
1678,51984,22476.406,8430.991,1581,32685
1679,51984,22511.283,8446.187,1499,32103
1680,51984,22478.486,8436.666,1551,32188
1681,51984,22568.012,8474.544,1442,32136
1682,51984,22483.314,8446.729,1494,32651
1683,51984,22500.490,8464.398,1529,32582
1684,51984,22502.545,8470.269,1543,32241
1685,51984,22519.129,8479.591,1530,32307
1686,51984,22476.068,8465.771,1508,32035
1687,51984,22505.738,8477.955,1529,32222
1688,51984,22561.916,8498.130,1491,32598
1689,51984,22488.750,8469.373,1528,32479
1690,51984,22498.902,8476.469,1459,32754
1691,51984,22545.350,8491.347,1494,32650
1692,51984,22513.982,8479.954,1497,32548
1693,51984,22534.020,8486.417,1530,32599
1694,51984,22463.793,8457.860,1527,32513
1695,51984,22588.793,8506.094,1537,32804
1696,51984,22517.340,8473.864,1529,32685
1697,51984,22555.982,8492.042,1504,32462
1698,51984,22573.834,8491.302,1487,32908
1699,51984,22516.023,8464.746,1517,32325
1700,51984,22504.945,8462.965,1549,32257
1701,51984,22473.465,8450.297,1544,31931
1702,51984,22521.568,8464.504,1546,32377
1703,51984,22541.834,8474.801,1528,32411
1704,51984,22578.848,8483.526,1542,31964
1705,51984,22490.516,8450.471,1554,31758
1706,51984,22526.043,8464.229,1500,32890
1707,51984,22525.963,8460.829,1534,32222
1708,51984,22488.080,8445.680,1497,32222
1709,51984,22556.115,8469.546,1571,32600
1710,51984,22505.545,8447.458,1536,32223
1711,51984,22541.824,8457.772,1573,32102
1712,51984,22557.518,8464.165,1517,32445
1713,51984,22490.076,8441.864,1532,32307
1714,51984,22570.609,8466.935,1533,32718
1715,51984,22448.213,8422.340,1522,32360
1716,51984,22580.078,8473.409,1531,32891
1717,51984,22496.846,8440.709,1532,32154
1718,51984,22511.748,8450.328,1513,32222
1719,51984,22520.971,8452.125,1480,32496
1720,51984,22551.275,8466.808,1519,32719
1721,51984,22531.143,8461.912,1542,32753
1722,51984,22517.406,8452.925,1490,32136
1723,51984,22535.924,8458.982,1568,33010
1724,51984,22539.516,8459.737,1525,32308
1725,51984,22549.797,8462.822,1519,32359
1726,51984,22552.578,8461.371,1511,32376
1727,51984,22498.809,8443.545,1532,32222
1728,51984,22619.605,8490.367,1500,32377
1729,51984,22546.887,8458.715,1554,32496
1730,51984,22539.963,8460.734,1534,32033
1731,51984,22521.652,8454.771,1528,32616
1732,51984,22594.291,8484.831,1534,32599
1733,51984,22531.783,8454.562,1490,32120
1734,51984,22605.123,8481.596,1547,32512
1735,51984,22534.357,8452.428,1557,32445
1736,51984,22530.756,8451.829,1541,32273
1737,51984,22613.695,8480.934,1527,32341
1738,51984,22542.287,8455.327,1556,32393
1739,51984,22557.207,8480.301,1506,32480
1740,51984,22498.260,8476.683,1528,32393
1741,51984,22529.498,8504.453,1515,32737
1742,51984,22465.676,8478.388,1503,32393
1743,51984,22078.137,8277.122,1508,32171
1744,51984,21023.129,7851.626,1422,32341
1745,51984,17576.598,4016.188,1961,24097
1746,51984,23723.420,5854.848,2451,32101
1747,51984,23374.170,6385.994,2342,32325
1748,51984,23125.646,6743.133,2178,32034
1749,51984,22982.035,7032.473,2119,32051
1750,51984,22860.479,7250.262,1978,32187
1751,51984,22799.643,7418.360,1875,32274
1752,51984,22707.355,7521.235,1846,32464
1753,51984,22619.047,7580.155,1750,32205
1754,51984,22639.459,7636.481,1694,32050
1755,51984,22609.594,7665.145,1697,31880
1756,51984,22528.980,7652.165,1682,32342
1757,51984,22581.525,7676.463,1610,31776
1758,51984,22596.676,7669.494,1649,32376
1759,51984,22567.275,7642.451,1684,32068
1760,51984,22657.477,7655.112,1641,32239
1761,51984,22610.354,7620.816,1676,32223
1762,51984,22640.684,7610.959,1654,32566
1763,51984,22615.072,7575.690,1722,31811
1764,51984,22595.410,7548.897,1744,32136
1765,51984,22575.779,7531.885,1713,31976
1766,51984,22585.865,7519.668,1759,32170
1767,51984,22617.854,7523.351,1704,32051
1768,51984,22598.492,7506.994,1713,31692
1769,51984,22626.689,7512.847,1723,31640
1770,51984,22655.768,7512.085,1715,32480
1771,51984,22624.828,7492.256,1727,32120
1772,51984,22660.422,7485.463,1688,32051
1773,51984,22652.951,7480.281,1745,32804
1774,51984,22601.734,7469.906,1667,32137
1775,51984,22609.186,7488.749,1731,32360
1776,51984,22585.914,7497.979,1767,32353
1777,51984,22601.354,7519.195,1743,32223
1778,51984,22632.166,7539.609,1738,32050
1779,51984,22616.650,7548.206,1746,32256
1780,51984,22594.938,7547.791,1699,32050
1781,51984,22627.422,7563.319,1685,32633
1782,51984,22636.188,7576.128,1678,32274
1783,51984,22624.113,7579.888,1719,32325
1784,51984,22652.670,7602.439,1651,32067
1785,51984,22631.320,7614.941,1714,32668
1786,51984,22657.191,7647.751,1655,32616
1787,51984,22630.510,7666.076,1693,32273
1788,51984,22643.439,7691.467,1623,32291
1789,51984,22632.695,7715.500,1646,32017
1790,51984,22579.404,7715.858,1736,32633
1791,51984,22614.201,7751.972,1656,32377
1792,51984,22674.900,7797.604,1705,32205
1793,51984,22681.291,7820.148,1660,32171
1794,51984,22633.354,7826.730,1676,32513
1795,51984,22634.049,7842.711,1637,32324
1796,51984,22633.652,7864.273,1654,32444
1797,51984,22633.953,7885.743,1618,32189
1798,51984,22627.797,7903.059,1607,32290
1799,51984,22678.270,7940.188,1632,32822
1800,51984,22607.041,7934.270,1626,32548
1801,51984,22623.201,7952.711,1662,32291
1802,51984,22621.879,7962.331,1628,32299
1803,51984,22650.078,7991.331,1663,32181
1804,51984,22662.605,8008.086,1666,32411
1805,51984,22587.350,7986.852,1655,32257
1806,51984,22687.588,7964.146,1630,32736
1807,51984,21005.268,7630.152,1596,32273
1808,51984,17176.617,7725.531,1430,32200
1809,51984,14244.420,8108.194,1251,31516
1810,51984,11248.171,7728.593,1076,30563
1811,51984,8494.712,6918.979,953,29066
1812,51984,6409.455,6035.901,770,27272
1813,51984,4882.833,5228.055,666,24696
1814,51984,3772.673,4512.876,584,22048
1815,51984,3012.846,3900.562,499,19302
1816,51984,2510.293,3392.004,493,16933
1817,51984,2161.319,2957.654,457,14673
1818,51984,1910.969,2587.058,442,12829
1819,51984,1729.235,2286.774,431,11068
1820,51984,1603.832,2065.020,424,9801
1821,51984,1512.270,1896.096,399,8969
1822,51984,1447.460,1772.254,409,8190
1823,51984,1400.424,1680.394,418,7654
1824,51984,1371.566,1622.650,405,7347
1825,51984,1352.442,1583.716,416,7192
1826,51984,1335.798,1550.815,401,7016
1827,51984,1325.935,1531.600,379,6836
1828,51984,1319.312,1518.008,396,6691
1829,51984,1312.874,1505.311,413,6717
1830,51984,1308.931,1498.254,390,6662
1831,51984,1306.791,1494.407,400,6624
1832,51984,1305.562,1491.260,405,6600
1833,51984,1300.339,1483.226,408,6580
1834,51984,1297.943,1478.487,412,6553
1835,51984,1296.447,1476.155,392,6520
1836,51984,1294.383,1472.625,397,6522
1837,51984,1295.898,1474.490,398,6557
1838,51984,1290.902,1466.540,407,6450
1839,51984,1291.065,1467.438,404,6495
1840,51984,1289.392,1464.098,412,6449
1841,51984,1288.515,1462.849,397,6456
1842,51984,1286.802,1460.382,395,6390
1843,51984,1288.349,1462.551,403,6456
1844,51984,1286.289,1458.965,398,6455
1845,51984,1284.002,1455.492,386,6474
1846,51984,1282.207,1453.198,404,6396
1847,51984,1282.937,1454.145,402,6438
1848,51984,1282.064,1452.551,408,6434
1849,51984,1283.771,1455.510,400,6447
1850,51984,1282.582,1453.380,401,6423
1851,51984,1281.284,1451.995,399,6451
1852,51984,1279.289,1448.313,412,6325
1853,51984,1281.458,1452.264,398,6343
1854,51984,1276.536,1443.854,404,6484
1855,51984,1279.591,1448.932,409,6368
1856,51984,1276.755,1444.523,402,6394
1857,51984,1277.354,1445.716,407,6401
1858,51984,1278.648,1448.048,409,6434
1859,51984,1274.776,1442.028,406,6452
1860,51984,1274.285,1440.742,398,6436
1861,51984,1275.436,1442.999,410,6315
1862,51984,1274.960,1442.348,406,6384
1863,51984,1273.989,1440.568,401,6329
1864,51984,1275.146,1443.033,403,6405
1865,51984,1274.016,1441.949,412,6412
1866,51984,1272.110,1437.861,407,6281
1867,51984,1273.714,1441.099,399,6354
1868,51984,1272.546,1438.592,409,6310
1869,51984,1271.357,1437.565,406,6309
1870,51984,1269.606,1434.312,405,6327
1871,51984,1272.174,1439.313,410,6325
1872,51984,1269.476,1435.083,410,6330
1873,51984,1269.087,1434.237,397,6368
1874,51984,1272.422,1440.219,406,6368
1875,51984,1269.546,1435.648,405,6495
1876,51984,1270.266,1436.452,395,6387
1877,51984,1270.536,1437.203,403,6353
1878,51984,1269.489,1435.637,395,6416
1879,51984,1267.500,1432.211,410,6331
1880,51984,1269.367,1436.284,401,6542
1881,51984,1268.696,1434.923,400,6399
1882,51984,1265.597,1430.447,399,6275
1883,51984,1265.327,1429.746,407,6438
1884,51984,1265.102,1429.331,398,6338
1885,51984,1264.162,1427.987,405,6403
1886,51984,1267.162,1432.910,410,6310
1887,51984,1264.764,1429.119,400,6456
1888,51984,1264.755,1429.347,408,6434
1889,51984,1265.393,1431.203,408,6408
1890,51984,1267.003,1433.741,408,6338
1891,51984,1263.436,1428.022,397,6361
1892,51984,1264.491,1429.463,406,6279
1893,51984,1264.587,1430.438,407,6302
1894,51984,1267.202,1434.127,406,6299
1895,51984,1267.942,1435.436,399,6301
1896,51984,1266.532,1433.139,404,6282
1897,51984,1267.261,1435.181,402,6403
1898,51984,1268.478,1437.565,395,6374
1899,51984,1268.057,1436.552,402,6404
1900,51984,1267.649,1436.110,406,6334
1901,51984,1266.286,1433.973,396,6411
1902,51984,1270.579,1441.243,406,6452
1903,51984,1271.504,1442.266,406,6388
1904,51984,1270.203,1440.781,409,6328
1905,51984,1272.240,1444.384,403,6365
1906,51984,1277.062,1452.288,404,6329
1907,51984,1274.652,1447.782,403,6328
1908,51984,1276.026,1450.354,402,6343
1909,51984,1276.547,1451.062,412,6364
1910,51984,1276.342,1451.816,394,6392
1911,51984,1278.559,1455.793,408,6441
1912,51984,1280.209,1458.681,391,6407
1913,51984,1284.411,1466.590,400,6395
1914,51984,1283.897,1465.955,401,6474
1915,51984,1287.656,1471.775,408,6446
1916,51984,1288.542,1472.959,400,6427
1917,51984,1294.475,1481.712,396,6501
1918,51984,1299.577,1489.790,402,6563
1919,51984,1306.977,1501.233,392,6661
1920,51984,1310.975,1507.154,397,6544
1921,51984,1315.139,1513.902,389,6548
1922,51984,1318.163,1519.068,394,6659
1923,51984,1324.781,1529.554,409,6601
1924,51984,1331.247,1540.358,402,6708
1925,51984,1335.611,1547.610,407,6734
1926,51984,1338.602,1552.895,400,6716
1927,51984,1345.615,1564.622,400,6769
1928,51984,1345.515,1566.238,405,6723
1929,51984,1356.055,1572.975,402,6782
1930,51984,1429.611,1619.263,408,7036
1931,51984,1647.133,1749.492,416,6992
1932,51984,2195.097,2068.507,409,7476
1933,51984,2407.887,1963.385,435,7036
1934,51984,794.020,427.680,397,2520
1935,51984,772.687,513.207,414,2974
1936,51984,721.052,462.534,392,2746
1937,51984,681.347,404.582,394,2472
1938,51984,657.068,361.146,394,2192
1939,51984,639.448,323.351,399,1977
1940,51984,653.037,308.174,397,1841
1941,51984,806.581,467.204,392,1850
1942,51984,879.120,594.263,387,2401
1943,51984,905.076,666.049,402,2704
1944,51984,942.369,749.892,401,3060
1945,51984,994.715,848.540,396,3325
1946,51984,1055.622,956.661,397,3794
1947,51984,1115.592,1063.094,398,4294
1948,51984,1161.843,1149.771,405,4667
1949,51984,1193.547,1214.356,401,5052
1950,51984,1210.874,1253.746,403,5357
1951,51984,1222.745,1281.990,401,5526
1952,51984,1227.235,1294.718,398,5580
1953,51984,1229.168,1302.503,393,5687
1954,51984,1228.868,1305.078,396,5645
1955,51984,1227.727,1305.709,400,5766
1956,51984,1228.390,1307.778,391,5714
1957,51984,1229.724,1311.690,405,5704
1958,51984,1227.387,1308.712,400,5729
1959,51984,1226.508,1309.459,391,5828
1960,51984,1227.499,1312.012,401,5751
1961,51984,1226.324,1311.782,397,5789
1962,51984,1226.029,1311.880,398,5778
1963,51984,1224.995,1311.588,402,5808
1964,51984,1224.130,1311.927,390,5661
1965,51984,1227.740,1318.135,402,5788
1966,51984,1224.985,1315.025,404,5749
1967,51984,1225.159,1317.263,398,5742
1968,51984,1222.280,1313.793,388,5863
1969,51984,1223.141,1316.072,403,5740
1970,51984,1223.994,1318.473,400,5805
1971,51984,1223.135,1318.302,400,5843
1972,51984,1221.442,1316.887,397,5784
1973,51984,1223.874,1321.928,397,5843
1974,51984,1223.599,1322.114,404,5862
1975,51984,1223.925,1325.599,387,5831
1976,51984,1224.136,1327.006,402,5836
1977,51984,1223.188,1326.824,392,5847
1978,51984,1220.398,1324.875,385,5875
1979,51984,1221.980,1329.249,398,5930
1980,51984,1224.028,1333.678,397,5985
1981,51984,1222.054,1331.871,404,5968
1982,51984,1223.179,1335.836,409,5839
1983,51984,1222.754,1336.438,394,5935
1984,51984,1221.561,1335.955,396,5892
1985,51984,1221.232,1336.590,401,5955
1986,51984,1222.809,1340.226,401,5804
1987,51984,1223.800,1343.255,389,5882
1988,51984,1223.176,1343.156,394,5910
1989,51984,1224.602,1346.161,400,5891
1990,51984,1221.036,1341.037,400,5858
1991,51984,1220.719,1341.435,386,5996
1992,51984,1223.006,1346.352,396,5978
1993,51984,1222.473,1345.809,396,5977
1994,51984,1222.622,1347.228,404,6039
1995,51984,1224.391,1350.766,401,6001
1996,51984,1222.551,1348.299,393,6062
1997,51984,1224.555,1351.931,401,5985
1998,51984,1223.675,1351.550,404,5977
1999,51984,1224.661,1353.685,396,6028
2000,51984,1222.351,1350.233,402,5931
